asset_id,title,asset_type,source_path,mod_path,origin_method,rights_status,redistribution_allowed,art_review_status,game_spec_status,derived_from_reference_ids,original_redraw,re_modeled,abstract_rules_only,authorization_review,notes
"ASSET-AEMUSA-PORTRAIT-001","爱缪莎基础领袖立绘","portrait","mod/gfx/models/portraits/aemusa_portrait.png","mod/gfx/models/portraits/aemusa_portrait.dds","项目内适配与裁切；来源链仍需补录","source_review_required","pending","in_game_existing_needs_review","in_game","REF-OG-AEMUSA-001","unknown","false","false","pending","既有正式资产补登记；不得用本行替代对原图来源和再分发权限的审核。"
"ASSET-AEMUSA-PORTRAIT-030","爱缪莎等级 30 领袖立绘","portrait","mod/gfx/models/portraits/aemusa_portrait_level_30.png","mod/gfx/models/portraits/aemusa_portrait_level_30.dds","项目内生成与适配；参考了用户指定服装候选图","source_review_required","pending","in_game_existing_needs_review","in_game","REF-OG-AEMUSA-004","unknown","false","false","pending","需要继续区分原作服装参考、项目生成画面和最终 DDS 的来源链。"
"ASSET-AEMUSA-PORTRAIT-UI-001","爱缪莎基础透明 UI 肖像","portrait","art/portraits/aemusa_ui/aemusa_base_cutout.png","mod/gfx/models/portraits/aemusa_portrait_ui.dds","内置 imagegen 去背景；Python 等比裁切与 DXT5 导出","source_review_required","pending","in_game_ui_verified_source_review_pending","575x380_DXT5_4.5.1_checked","REF-OG-AEMUSA-001","false","false","false","user_requested_edit_source_rights_pending","2026-09-26 用户要求透明人像；原图为 aemusa_portrait_upper_dxt1.png；原图保留。提示词及衍生关系见 art/portraits/aemusa_ui/README.md，哈希见 tools/build/ui_assets_manifest.json；内阁、通讯、列表和详情已检查。"
"ASSET-AEMUSA-PORTRAIT-UI-030","爱缪莎30级透明 UI 肖像","portrait","art/portraits/aemusa_ui/aemusa_level_30_cutout.png","mod/gfx/models/portraits/aemusa_portrait_level_30_ui.dds","内置 imagegen 去背景并重新取景；Python 等比裁切与 DXT5 导出","source_review_required","pending","in_game_ui_verified_source_review_pending","575x380_DXT5_4.5.1_checked","REF-OG-AEMUSA-004","false","false","false","user_requested_edit_source_rights_pending","2026-09-26 用户要求透明人像；原图与提示词见 art/portraits/aemusa_ui/README.md，哈希见 tools/build/ui_assets_manifest.json；独立超频档已验证通讯、列表和详情，不代表自然成长验证或正式终局形态。"
"ASSET-DESTINY-SOVEREIGN-001","旧 Stage 9 舰体模型与贴图（待重新分配）","ship_model","assets/ai_generated/destiny_lord/destiny_lord_stage9_refined_A.blend","mod/gfx/models/ships/destiny_lord/","project_modeled_and_textured","project_created","yes_project_scope","legacy_pending_reassignment","in_game_legacy_identity","REF-PROJECT-DESTINY-001;REF-PROJECT-DESTINY-002;REF-PROJECT-DESTINY-003","false","true","true","reviewed_for_project_output","2026-07-22 起不再代表命运之主或爱缪莎视觉；模型与运行时路径暂时保留，未来改作其他舰种时再统一重命名、定位和审核。"
"ASSET-DESTINY-REACTOR-ICON-001","现有命运之主反应堆组件图标","icon","mod/gfx/interface/icons/ship_parts/ship_part_artifact_destiny_lord_reactor.png","mod/gfx/interface/icons/ship_parts/ship_part_artifact_destiny_lord_reactor.dds","项目内制作并转换 DDS","project_created","yes_project_scope","in_game_existing_needs_review","in_game_current_system","REF-PROJECT-DESTINY-004","true","false","true","reviewed_for_project_output","当前运行时仍使用；未来命运之主从零重设计后必须重新审核并决定替换或迁移。"
"ASSET-WHITE-NIGHT-EVENT-001","白夜馆系统入口事件图","event_picture","assets/ui/white_night_pavilion/white_night_pavilion_generated_source.png","mod/gfx/event_pictures/aemusa_white_night_pavilion.dds","项目生成后适配事件图规格；生成服务与提示词记录待补","project_created","pending","in_game_existing_needs_review","in_game","REF-PROJECT-WHITE-NIGHT-001","true","false","true","pending","白夜馆仅为系统入口；补齐生成来源与发布权审核前，不将既有入库状态等同为已确认再分发权限。"
"ASSET-ANTONIVA-PORTRAIT-UI-001","安托涅瓦基础透明UI肖像","portrait","art/portraits/milestone4/antoniva_base_cutout_v01.png","mod/gfx/models/portraits/antoniva_portrait_ui.dds","内置imagegen去背景；Python裁切与DXT5导出","source_review_required","pending","in_game_ui_verified_source_review_pending","575x380_DXT5_4.5.2_checked","","false","false","false","user_requested_edit_source_rights_pending","2026-10-08首批代表；原图为art/reference_library/original_game/antoniva/antoniva_base.png。源链及提示词见art/portraits/milestone4/README.md；通讯、元首/内阁、列表/详情和新档读回通过，外观未标为最终批准。"
"ASSET-YANHUA-PORTRAIT-UI-001","晏华基础透明UI肖像","portrait","art/portraits/milestone4/yanhua_base_cutout.png","mod/gfx/models/portraits/yanhua_portrait_ui.dds","原透明图转RGBA；Python等比缩放与DXT5导出","source_review_required","pending","in_game_ui_verified_source_review_pending","575x380_DXT5_4.5.2_checked","","false","false","false","user_requested_edit_source_rights_pending","2026-10-08首批代表；原透明图「神之头脑」晏华 Char Illustration Cut.png来源链见art/portraits/milestone4/README.md。通讯、职业往返、列表/详情和新档读回通过，未重绘人物。"
"ASSET-RABI-PORTRAIT-UI-001","拉比与阿米特共同透明UI肖像","portrait","art/portraits/milestone4/rabi_amit_joint_portrait_v03.png","mod/gfx/models/portraits/rabi_amit_portrait_ui.dds","内置imagegen联合重新取景；Python等比缩放与DXT5导出","source_review_required","pending","in_game_ui_verified_reinterpretation_review_pending","575x380_DXT5_4.5.2_checked","","true","false","false","user_requested_edit_source_rights_pending","2026-10-08首批特殊取景；原拉比-地精.png和去背景v01保留，v03含构图重绘、待人工外观确认。源链/完整提示词见art/portraits/milestone4/README.md；核心通讯、列表/详情与新档读回通过。"
"ASSET-AN-PORTRAIT-UI-001","安基础透明UI肖像","portrait","art/portraits/milestone4/an_base_cutout.png","mod/gfx/models/portraits/an_portrait_ui.dds","原透明图转RGBA；Python等比缩放与DXT5导出","source_review_required","pending","in_game_ui_verified_source_review_pending","575x380_DXT5_4.5.2_checked","","false","false","false","user_requested_edit_source_rights_pending","2026-10-08六人补齐；原「光荣女仆」安透明图保留，未重绘。源链见art/portraits/milestone4/README.md；核心通讯、读档后列表与统一新档通过，原身份/职业/等级保留。"
"ASSET-SETH-PORTRAIT-UI-001","赛斯基础透明UI肖像","portrait","art/portraits/milestone4/seth_base_cutout.png","mod/gfx/models/portraits/seth_portrait_ui.dds","原透明图转RGBA；Python等比缩放与DXT5导出","source_review_required","pending","in_game_ui_verified_source_review_pending","575x380_DXT5_4.5.2_checked","","false","false","false","user_requested_edit_source_rights_pending","2026-10-08六人补齐；原「神官」赛斯透明图保留，未重绘。源链见art/portraits/milestone4/README.md；愿望履责核心通讯、读档后列表与统一新档通过，保留本人和神器识别。"
"ASSET-YUTONG-PORTRAIT-UI-001","幽桐基础透明UI肖像","portrait","art/portraits/milestone4/yutong_base_cutout.png","mod/gfx/models/portraits/yutong_portrait_ui.dds","原透明图转RGBA；Python等比缩放与DXT5导出","source_review_required","pending","in_game_ui_verified_source_review_pending","575x380_DXT5_4.5.2_checked","","false","false","false","user_requested_edit_source_rights_pending","2026-10-08六人补齐；原「诛心」幽桐透明图保留，未重绘。源链见art/portraits/milestone4/README.md；自定射界核心通讯、统一新档恢复窗口与指挥官列表通过。"
"ASSET-GREYSA-PORTRAIT-UI-001","格蕾莎基础透明UI肖像","portrait","art/portraits/milestone4/greysa_base_cutout.png","mod/gfx/models/portraits/greysa_portrait_ui.dds","原透明图转RGBA；Python等比缩放与DXT5导出","source_review_required","pending","in_game_ui_verified_source_review_pending","575x380_DXT5_4.5.2_checked","","false","false","false","user_requested_edit_source_rights_pending","2026-10-08六人补齐；原「白医」格蕾莎透明图保留，未重绘。源链见art/portraits/milestone4/README.md；核心通讯、统一新档科学官列表与详情通过，基础造型和安卡局部可辨。"
"ASSET-WENZI-PORTRAIT-UI-001","雯梓基础透明UI肖像","portrait","art/portraits/milestone4/wenzi_base_cutout.png","mod/gfx/models/portraits/wenzi_portrait_ui.dds","原透明图转RGBA；Python等比缩放与DXT5导出","source_review_required","pending","in_game_ui_verified_source_review_pending","575x380_DXT5_4.5.2_checked","","false","false","false","user_requested_edit_source_rights_pending","2026-10-08六人补齐；原wenzi_base_cut.png保留，未重绘。源链见art/portraits/milestone4/README.md；核心通讯、读档后列表与统一新档通过，棋具与固有色保留。"
"ASSET-LI-PORTRAIT-UI-001","丽基础透明UI肖像","portrait","art/portraits/milestone4/li_base_cutout_v01.png","mod/gfx/models/portraits/li_portrait_ui.dds","内置imagegen去背景；Python裁切与DXT5导出","source_review_required","pending","in_game_ui_verified_derivation_review_pending","575x380_DXT5_4.5.2_checked","","false","false","false","user_requested_edit_source_rights_pending","2026-10-08六人补齐；原li_base_full.png保留，v01去背景可能改变细小边缘，外观待确认。源链/完整提示词见art/portraits/milestone4/README.md；核心通讯及统一新档肖像引用通过，宝伞局部与固有色可辨。"
