reference_id,title,category,subcategory,subject,character_or_faction,source_type,source_locator,local_path,copyright_or_license_status,allowed_usage,visual_role,visual_tags,palette_tags,shape_tags,material_tags,composition_tags,what_to_learn,what_not_to_copy,linked_moodboards,review_status,notes
"REF-OG-AEMUSA-001","爱缪莎基础形态候选全身图","original_game","character_base","角色基础立绘与卡牌术式","爱缪莎","user_provided_local_reference","用户本地图册：爱缪莎图册/0E98F1698988D4D9F50F538510F78BE7.jpg","art/reference_library/original_game/aemusa/0E98F1698988D4D9F50F538510F78BE7.jpg","unknown","local_reference_analysis_only","primary_anchor","金色长马尾;红瞳;卡牌;月牙;星点","黑;玫红;暗紫;暖金","长发弧线;离散牌面;月牙切口","礼装织物;透明纱;漆面卡牌","全身居中;环绕轨迹;留白背景","学习不可替代的人物识别、配色节奏与卡牌和手势的关系","不得直接复制图片、服装细节或把卡牌扩展成文明公共纹样","AEMUSA;DESTINY_SOVEREIGN","source_uncertain","候选原作图；具体出处、形态名称与再分发权限尚未确认，因此本地副本被 Git 忽略。"
"REF-OG-AEMUSA-002","爱缪莎卡牌战斗姿态候选图","original_game","character_combat","动态姿态与卡牌轨迹","爱缪莎","user_provided_local_reference","用户本地图册：爱缪莎图册/721512BDB3BBA02A0396ACEAA6252895.jpg","art/reference_library/original_game/aemusa/721512BDB3BBA02A0396ACEAA6252895.jpg","unknown","local_reference_analysis_only","secondary_reference","卡牌;高速弧线;轻盈动作","黑;深玫红;高亮玫红","环形动势;扭转姿态;离散卡牌","深色礼装;发光轨迹","斜向动作;大弧线包围主体","学习卡牌翻转方向、速度层级与身体动作的因果关系","不得把高饱和玫红铺满所有命运资产，也不得确认未知形态名称","AEMUSA","source_uncertain","仅作为动态与效果候选参考。"
"REF-OG-AEMUSA-003","爱缪莎红黑室内服装候选图","original_game","character_skin","服装变化后的角色辨识","爱缪莎","user_provided_local_reference","用户本地图册：爱缪莎图册/7B05F4A725CC460B5EA0F9A0230F97C0.jpg","art/reference_library/original_game/aemusa/7B05F4A725CC460B5EA0F9A0230F97C0.jpg","unknown","local_reference_analysis_only","secondary_reference","金色长发;红黑服装;室内叙事","红;黑;暖金;米白","大裙摆;长发流线;室内拱窗","织物;木材;暖色灯具","横向剧情构图;环境叙事","学习换装状态下由发型、姿态和色彩维持识别的方法","不得把该服装和室内道具视为爱缪莎全部形态的固定元素","AEMUSA","source_uncertain","可能属于皮肤或剧情图，具体名称待核验。"
"REF-OG-AEMUSA-004","爱缪莎蓝黑竖琴服装候选图","original_game","character_skin","蓝黑礼装与竖琴道具","爱缪莎","user_provided_local_reference","用户本地图册：爱缪莎图册/C37365DF90F1C51CCFFC112C7146E882.jpg","art/reference_library/original_game/aemusa/C37365DF90F1C51CCFFC112C7146E882.jpg","unknown","local_reference_analysis_only","secondary_reference","金色长发;蓝黑礼装;竖琴;花饰","深蓝;黑;白;黄铜金","竖琴长弧;礼服层叠;垂直轮廓","蕾丝;织物;黄铜;花瓣","全身竖构图;道具与人物并置","学习冷色换装与金发红瞳之间的识别平衡，以及大型道具的构图尺度","不得把竖琴、蓝花或该套服装强制设为基础形态和文明通用符号","AEMUSA","source_uncertain","用户曾指定其作为高等级服装参考；仍需核验出处与使用权。"
"REF-OG-AEMUSA-005","爱缪莎现代牌局服装候选图","original_game","character_skin","现代服装、卡牌与骰子","爱缪莎","user_provided_local_reference","用户本地图册：爱缪莎图册/D94A3E2E48E3D627FA803F7D2ECEA95B.jpg","art/reference_library/original_game/aemusa/D94A3E2E48E3D627FA803F7D2ECEA95B.jpg","unknown","local_reference_analysis_only","secondary_reference","金色长马尾;帽饰;卡牌;骰子","黑;白;暗红;金","修长直线;悬浮牌局;不对称帽饰","衬衫;西装面料;漆面牌与骰子","全身竖构图;道具向下扩散","学习游戏感、概率主题和现代换装下的角色连续性","不得把骰子、帽子或现代服装混入所有形态，也不得直接复制","AEMUSA","source_uncertain","候选皮肤参考，形态名称待核验。"
"REF-PROJECT-CENTRAL-001","交界都市地区视觉联系表","original_game","environments","城区、机构与生活尺度","中央庭与交界都市","existing_local_contact_sheet","项目既有地区联系表；底层原作截图来源仍需逐图补录","assets/ui/white_night_pavilion/faction_icons/district_reference_contact_sheet.png","official_game_reference","reference_analysis_only_no_redistribution_claim","composition_reference","城市分区;机构差异;地标;生活尺度","暮色蓝紫;暖橙灯光;城市灰","城区块面;地标建筑;道路网","城市建筑;混凝土;玻璃;植被","多地区对照联系表","学习东方古街、中央城区、中央庭、旧城区、海上研究所和高校学园的环境差异","不得把联系表或原作截图直接当作新 Mod 正式背景，也不得假定现有仓库状态等于获得再分发许可","CENTRAL_COURT;OLD_WORLD_ECHOES","source_uncertain","文件已存在于仓库；应继续追溯每张底图来源与公开分发边界。"
"REF-PROJECT-CENTRAL-002","现有地区图标与界面源图","original_game","ui_and_icons","地区入口、信息层级与标识","中央庭与交界都市","existing_local_reference","项目既有地区界面源图；底层原作来源待细分","assets/ui/white_night_pavilion/faction_icons/region_icon_sheet_source.png","official_game_reference","reference_analysis_only_no_redistribution_claim","composition_reference","地区图标;界面层级;功能按钮","深紫;冷青;暖橙","大图标;模块化面板;方形槽位","半透明界面;金属边框","地区总览与操作面板并列","学习小尺寸地区识别和功能信息层级","不得直接复制原作界面、字体或图标到新资产，也不得把 UI 视觉扩展为文明实体结构","CENTRAL_COURT","source_uncertain","现有本地文件，需补精确来源与权利审核。"
"REF-PROJECT-CENTRAL-003","神器使枢纽区划图标","project_output","ui_and_icons","现有区划图标语言","中央庭","project_created","项目自制正式资产的美术复盘入口","mod/gfx/interface/icons/districts/district_artifact_nexus.png","project_created","project_review_and_style_audit","secondary_reference","区划图标;中枢;能量节点","深蓝;青蓝;紫","中心节点;放射结构;方形边框","数字绘画;发光金属","中心式图标构图","学习当前图标族的小尺寸轮廓与色彩连续性，并识别后续需统一之处","不得因其已进入游戏就反向证明所有风格与授权均已审核","CENTRAL_COURT","supporting","正式资产与参考来源分层；对应资产另见 ASSET_REGISTRY.csv。"
"REF-PROJECT-CENTRAL-004","中央庭公共材质与配色校准板","project_output","materials","公共材质、通道职责与跨资产色彩基线","中央庭","project_created","docs/art/calibration/CENTRAL_COURT_MATERIAL_CALIBRATION.md 与配套 SVG","docs/art/calibration/central_court_material_calibration.svg","project_created","project_reference_analysis_and_calibration","material_reference","配色板;材质样本;状态色;通道职责","深蓝灰;雾银;冷青;暖琥珀;警戒橙红","模块板;材料样本;状态对照","陶瓷装甲;涂层金属;雾银结构;强化玻璃;生活暖材质;受控神器接口","网格化校准板","校准舰船、建筑、区划、科研、UI 和图标的公共材料职责与面积关系","不得直接复制进 mod/gfx 或把角色个人色扩展为文明公共色","CENTRAL_COURT","approved_anchor","项目自制分析与校准板，不是游戏正式资产；仍需游戏内曝光和材质通道复测。"
"REF-PROJECT-ARTIFACT-001","神器科技图标现有代表样本","project_output","ui_and_icons","神器科技图标共同语言","神器研究体系","project_created","项目自制正式资产的美术复盘入口","mod/gfx/interface/icons/technologies/tech_artifact_tarot_calculation.png","project_created","project_review_and_style_audit","secondary_reference","科技图标;神器;演算核心","深蓝;青蓝;紫;金","器物轮廓;中心核心;边框","数字绘画;发光表面","中心式科技图标","学习现有功能分类、小尺寸轮廓和个人符号使用边界","不得把爱缪莎的塔罗主题推广为所有神器科技的默认样式","ARTIFACT_TECHNOLOGY","supporting","对应正式资产另见 ASSET_REGISTRY.csv 的后续登记。"
"REF-PROJECT-ARTIFACT-002","黑门观测科技图标现有样本","project_output","ui_and_icons","异常观测、隔离与风险色","黑门研究体系","project_created","项目自制正式资产的美术复盘入口","mod/gfx/interface/icons/technologies/tech_artifact_black_gate_observation.png","project_created","project_review_and_style_audit","secondary_reference","黑门观测;隔离;风险管理","近黑;冷青;暗紫","框定异常;中心裂隙","数字绘画;发光边界","中心异常与工程框架","学习如何区分工程框架与异常本体","不得把紫色水晶或传送门套用为所有黑门现象","ARTIFACT_TECHNOLOGY;OTHERWORLD_AND_ASTRAL_RIFTS","supporting","仅作现有输出复盘，不是外部参考或授权凭证。"
"REF-PROJECT-ARTIFACT-003","七日核心舰船组件图标","project_output","ui_and_icons","神器舰船组件轮廓","神器研究体系","project_created","项目自制正式资产的美术复盘入口","mod/gfx/interface/icons/ship_parts/ship_part_artifact_seven_day_core.png","project_created","project_review_and_style_audit","technical_reference","舰船组件;规则核心;工程外壳","深色底;冷青;紫","核心;环体;机械框架","金属;能量核心","方形组件图标","学习工程外壳和规则核心在小图标中的比例","不得把组件图标的个人符号复制到所有公共科技","ARTIFACT_TECHNOLOGY","supporting","正式资产与视觉参考用途分别登记。"
"REF-PROJECT-ARTIFACT-004","命运观测塔已废弃旧案","project_output","megastructure","旧太阳冠、多层环与 Blockout 方案的历史记录","历史旧案","project_created","项目旧设计文档与 Blockout 方案","assets/ai_generated/destiny_observatory/DESTINY_OBSERVATORY_BLENDER_PLAN.md","project_created","historical_record_and_anti_reference","anti_reference","废弃观测塔;太阳冠;多层环;旧Blockout","深蓝;银白;冰蓝;局部金","中央塔体;同心与偏轴环;观测臂","金属;陶瓷;半透明投影","星系级中心构图","识别旧案中造型先行、神圣化和角色符号扩张的问题，并保留拆件与 LOD 流程历史","不得继续生成、精修、换色或把任何旧造型当作未来命运观测塔依据","ARTIFACT_TECHNOLOGY;DESTINY_SOVEREIGN","rejected","2026-07-22 裁定废弃；未来命运观测塔从零重设，旧文件只保留历史与反面审计。"
"REF-PROJECT-DESTINY-001","旧 Stage 9 舰体精修预览","project_output","ships","遗留舰体剪影、环体和发光的技术记录","待定舰种","project_created","项目 Blender Stage 9 预览","assets/ai_generated/destiny_lord/destiny_lord_stage9_refined_A_preview.png","project_created","project_technical_reference_only","technical_reference","遗留旗舰;宽翼;中央环;发光槽;游戏内尺度","近黑;深蓝;冰蓝;局部珊瑚红","宽楔舰体;中央环;双侧环;三段舰体","陶瓷装甲;发光结构","三分之四俯视;大轮廓优先","学习真实可建模网格、预览审计和战略缩放中的技术问题","不得称为命运之主、不得作为爱缪莎视觉锚点，也不得复用剪影后换色作为新版方案","","supporting","2026-07-22 起退出命运之主身份；保留模型并等待改作其他舰船。"
"REF-PROJECT-DESTINY-002","旧 Stage 9 舰体 Blender 源文件","project_output","ships","遗留几何、三段舰体、LOD 与定位器","待定舰种","project_created","项目 Blender 建模源文件","assets/ai_generated/destiny_lord/destiny_lord_stage9_refined_A.blend","project_created","project_technical_reference_only","technical_reference","Blender;舰体分段;LOD;定位器","不适用","三段舰体;环体;翼面;炮列","网格;UV;材质槽","三维技术结构","学习可导出网格、section 边界、LOD 预算与 PDX 流程","不得把源文件当作命运之主造型证据或跳过未来舰种重新命名与美术审核","","supporting","非图片技术参考；身份待重新分配，运行时路径暂不改。"
"REF-PROJECT-DESTINY-003","旧 Stage 9 舰体底色贴图预览","project_output","materials","遗留舰体底色与材质分区","待定舰种","project_created","项目自制贴图源文件","assets/ai_generated/destiny_lord/textures/destiny_lord_basecolor.png","project_created","project_technical_reference_only","material_reference","遗留舰体贴图;材质分区;低频细节","近黑;深蓝;冷灰","面板分区;细线","涂层金属;陶瓷装甲","UV 贴图平面","学习大面层级、色块比例和贴图导出流程","不得将旧贴图色彩冻结为未来命运之主或爱缪莎资产配色","","supporting","随旧 Stage 9 舰体保留，等待未来舰种重新分配。"
"REF-PROJECT-DESTINY-004","现有命运之主反应堆组件图标","project_output","ui_and_icons","当前运行时组件功能轮廓与迁移审计","现有运行时命运之主系统","project_created","项目自制正式资产的美术复盘入口","mod/gfx/interface/icons/ship_parts/ship_part_artifact_destiny_lord_reactor.png","project_created","project_review_and_style_audit","secondary_reference","运行时组件;反应堆;命运科技","深蓝;青蓝;紫","核心装置;方形边框","数字绘画;发光金属","中心式组件图标","记录当前运行时图标的功能层级与未来迁移范围","不得据此推导新版命运之主舰体、公共神器配色或新版组件风格","","supporting","当前仍被游戏资源使用；未来命运之主重设计时必须重新审核。"
"REF-STELLARIS-SHIP-001","《群星》舰船与远景可读性参考入口","stellaris","ships","普通舰船类型、远景剪影与尺度","Stellaris","official_wiki_page","https://stellaris.paradoxwikis.com/Ship","","official_game_reference","reference_analysis_only_no_asset_reuse","technical_reference","战略缩放;舰种剪影;战斗识别","仅学习层级","舰首舰艉;大轮廓;尺度差","游戏材质表现","战略地图与战斗镜头","学习游戏内缩放、舰首方向和大型舰尺度提示","不得复制具体阵营舰体、纹章、贴图或模型","CENTRAL_COURT","supporting","只登记官方 Wiki 入口，不下载或提交页面图片。"
"REF-STELLARIS-UI-001","《群星》舰船设计器 UI 参考入口","stellaris","ui_and_icons","面板密度、槽位和状态反馈","Stellaris","official_wiki_page","https://stellaris.paradoxwikis.com/Ship_designer","","official_game_reference","reference_analysis_only_no_asset_reuse","technical_reference","舰船设计器;槽位;状态反馈","仅学习层级","槽位网格;模块标签","游戏 UI","高密度功能面板","学习图标尺寸、槽位边界、必需组件和错误反馈的可读性","不得复制具体 UI 纹理、字体、图标或布局资产","CENTRAL_COURT","supporting","官方 Wiki 页面作为实现尺度入口。"
"REF-STELLARIS-ICON-001","《群星》科技图标参考入口","stellaris","ui_and_icons","科技、飞升与遗珍的小尺寸构图","Stellaris","official_wiki_page","https://stellaris.paradoxwikis.com/Technology","","official_game_reference","reference_analysis_only_no_asset_reuse","technical_reference","科技图标;轮廓;层级","仅学习层级","中心物件;边框;负形","游戏图标数字绘画","小尺寸中心构图","学习图标信息层级、轮廓和缩略图识别","不得复制原版图标、边框纹理或具体符号","ARTIFACT_TECHNOLOGY","supporting","仅记录页面来源，不保存图片到 Git。"
"REF-STELLARIS-EFFECT-001","《群星》武器组件与特效实现参考入口","stellaris","particle_effects","武器生命周期、亮度、命中与性能","Stellaris","official_wiki_page","https://stellaris.paradoxwikis.com/Weapon_components","","official_game_reference","reference_analysis_only_no_asset_reuse","effect_reference","开火点;弹体;光束;命中;状态特效","仅学习层级","轨迹;发射点;命中点","粒子;光束;发光材质","短时战斗反馈","学习生命周期、遮挡时间、发光密度与不同武器的区分","不得复制原版粒子、贴图、声音或阵营武器造型","ARTIFACT_TECHNOLOGY;ANTONIVA;OTHERWORLD_AND_ASTRAL_RIFTS","supporting","页面用于技术分类，具体视觉样本后续逐项登记。"
"REF-STELLARIS-CAPITAL-001","《群星》泰坦、主宰与巨像参考入口","stellaris","ships","大型舰镜头、尺度和硬上限舰种","Stellaris","official_wiki_page","https://stellaris.paradoxwikis.com/Ship#Hard_Cap_ships","","official_game_reference","reference_analysis_only_no_asset_reuse","technical_reference","大型舰;泰坦;主宰;巨像;尺度","仅学习层级","大型主轮廓;结构节奏","游戏舰船材质","远景与战斗构图","学习大型舰在游戏镜头中的体量、定位器和战斗可读性","不得复制任何具体大型舰设计或阵营语言","DESTINY_SOVEREIGN","supporting","仅为技术尺度入口。"
"REF-STELLARIS-SECTION-001","《群星》舰船 section 技术参考入口","stellaris","ships","舰体分段、模块和槽位结构","Stellaris","official_wiki_page","https://stellaris.paradoxwikis.com/Ship_designer#Sections","","official_game_reference","reference_analysis_only_no_asset_reuse","technical_reference","section;模块;武器槽;核心槽","不适用","舰首;核心;舰艉;模块连接","游戏模型分段","模块化技术结构","学习 section 拆分、槽位映射和可保存设计的实现约束","不得复制原版 section 模型、命名或阵营造型","DESTINY_SOVEREIGN","supporting","用于命运之主建模与脚本接口对齐。"
"REF-STELLARIS-ARCHAEOLOGY-001","《群星》考古遗址参考入口","stellaris","archaeology","考古章节、遗址与奖励层级","Stellaris","official_wiki_page","https://stellaris.paradoxwikis.com/Archaeological_site","","official_game_reference","reference_analysis_only_no_asset_reuse","technical_reference","考古;章节;遗址;档案","仅学习层级","章节推进;遗址图标","游戏 UI 与插画","分阶段叙事面板","学习考古章节的信息层级、进度反馈和图标尺度","不得复制具体遗址故事、图片或奖励图标","OLD_WORLD_ECHOES","supporting","页面可能有访问挑战，先作为来源入口登记。"
"REF-STELLARIS-RIFT-001","《群星》星界间隙参考入口","stellaris","astral_rifts","场景尺度、探索镜头和交互","Stellaris","official_wiki_page","https://stellaris.paradoxwikis.com/Astral_rift","","official_game_reference","reference_analysis_only_no_asset_reuse","technical_reference","星界间隙;异常空间;探索 UI","仅学习层级","多层空间;交互焦点","游戏场景与粒子","深景层次;探索构图","学习空间尺度、镜头、交互焦点和性能边界","不得复制虚境紫色视觉、具体裂隙场景或特效资源","OTHERWORLD_AND_ASTRAL_RIFTS","supporting","官方 Wiki 入口；不将其阵营美术作为本 Mod 最终风格。"
"REF-OG-ANTONIVA-001","安托涅瓦基础立绘锚点（待搜集）","original_game","character_base","基础外貌、服装与方舟识别","安托涅瓦","planned_reference_slot","待搜集并核验：安托涅瓦官方基础立绘","","unknown","not_available_until_source_review","primary_anchor","安托涅瓦;基础立绘;方舟","待提取","待提取","待提取","待提取","未来锁定不可改变的人物识别核心","在来源、形态和权利未核验前不得用于生成正式资产","ANTONIVA","unreviewed","登记空位，不代表已有素材。"
"REF-OG-ANTONIVA-002","安托涅瓦觉醒或战斗形态锚点（待搜集）","original_game","character_awakened","空间能力、庇护与战斗表现","安托涅瓦","planned_reference_slot","待搜集并核验：安托涅瓦官方觉醒或战斗图","","unknown","not_available_until_source_review","secondary_reference","安托涅瓦;空间;庇护","待提取","待提取","待提取","待提取","未来区分基础形态、觉醒状态与能力表现","不得把未知候选图误标成正式觉醒形态，也不得直接复制","ANTONIVA","unreviewed","登记空位。"
"REF-OG-ANTONIVA-003","安托涅瓦神器方舟参考（待搜集）","original_game","artifact","方舟外观、空间容纳与保护结构","安托涅瓦","planned_reference_slot","待搜集并核验：安托涅瓦神器方舟官方参考","","unknown","not_available_until_source_review","technical_reference","方舟;空间容纳;保护结构","待提取","待提取","待提取","待提取","未来提炼方舟的可识别器物和空间语言","不得把方舟直接等同普通宇宙飞船或宗教圣物","ANTONIVA","unreviewed","登记空位。"
"REF-OG-ANTONIVA-004","安托涅瓦剧情环境与能力特效（待搜集）","original_game","effects","蓝白空间、庇护与希望氛围","安托涅瓦","planned_reference_slot","待搜集并核验：安托涅瓦官方剧情 CG 与技能特效","","unknown","not_available_until_source_review","effect_reference","空间;庇护;蓝白;希望","待提取","待提取","待提取","待提取","未来区分角色能力、剧情状态与公共文明风格","不得让个人方舟语言覆盖整个中央庭，也不得直接复制 CG","ANTONIVA","unreviewed","登记空位。"
"REF-PROJECT-OLDWORLD-001","原作剧情 CG 与城市生活候选组（待拆分）","original_game","story_cg","生活尺度、灾前灾后反差","交界都市","planned_reference_slot","待从已采集剧情图片索引中逐图筛选并登记","","unknown","not_available_until_source_review","composition_reference","剧情 CG;城市生活;历史痕迹","待提取","待提取","待提取","待提取","未来为旧世界回声建立生活性和历史连续性","不得用组级 ID 掩盖每张 CG 的来源、形态和再分发审核","OLD_WORLD_ECHOES","unreviewed","必须拆成逐图条目后才能使用。"
"REF-PROJECT-OLDWORLD-002","交界都市地区历史视觉汇总","original_game","environments","城区年代、机构和生活痕迹","交界都市","existing_local_contact_sheet","项目既有地区联系表；底层原作截图来源仍需逐图补录","assets/ui/white_night_pavilion/faction_icons/district_reference_contact_sheet.png","official_game_reference","reference_analysis_only_no_redistribution_claim","composition_reference","城区;历史;机构;生活痕迹","暮色蓝紫;暖橙","城市块面;地标;道路","建筑;混凝土;玻璃","多地区对照","学习城市不同年代和功能区的连续性","不得直接复制联系表、原作截图或把所有旧世界画成废墟","OLD_WORLD_ECHOES","source_uncertain","与 REF-PROJECT-CENTRAL-001 共用本地文件但承担不同分析主题。"
"REF-PROJECT-OLDWORLD-003","记忆殿堂现有建筑图标","project_output","ui_and_icons","档案、记忆与遗物的当前视觉语言","中央庭","project_created","项目自制正式资产的美术复盘入口","mod/gfx/interface/icons/buildings/building_artifact_memory_palace.png","project_created","project_review_and_style_audit","secondary_reference","记忆;档案;建筑图标","深色;紫蓝;冷青","建筑轮廓;中心入口","数字绘画;发光结构","中心式建筑图标","学习当前记忆类资产的轮廓和气氛，并标记过亮或过奇幻之处","不得因其已实装就把紫色和神殿结构定为全部旧世界内容的规范","OLD_WORLD_ECHOES","supporting","正式资产另行登记。"
"REF-PROJECT-OLDWORLD-004","旧结局残想研究板（待建立）","project_output","moodboard","双曝光、覆盖与不确定性","旧世界线","planned_reference_slot","待建立：旧结局残想研究板","","unknown","not_available_until_source_review","composition_reference","记忆失真;世界线覆盖;档案","待提取","错位轮廓;缺页;覆盖","照片;档案;低亮投影","对照与叠层构图","未来校准旧结局、考古和历史档案的共同表现","不得在研究板建立前用通用鬼影或紫色故障代替具体历史","OLD_WORLD_ECHOES","unreviewed","登记空位。"
"REF-OG-BLACKGATE-001","原作世界观：黑门定义","original_game","world_reference","黑色空间裂缝、黑雾与怪物的基础关系","黑门","official_wiki_page","https://f7d.huijiwiki.com/wiki/%E4%B8%96%E7%95%8C%E8%A7%82","","official_game_reference","reference_analysis_only_no_redistribution_claim","primary_anchor","黑门;黑色空间裂缝;黑雾;怪物","近黑;冷灰;待原图校色","不连续裂缝;现实切面","吞光空间;黑雾;待原图校色","世界观定义与场景入口","确认黑门是两个世界次元碰撞融合形成的黑色空间裂缝，并区分门、雾和怪物","不得把页面文字变成任意圆洞造型，也不得复制页面图片进入正式资产","OTHERWORLD_AND_ASTRAL_RIFTS","approved_anchor","文字证据已核验；原作图片仍须逐张登记，未主张再分发权。"
"REF-OG-BLACKCORE-001","原作黑核条目","original_game","artifact_object","产生黑门的能量核心","黑核","official_wiki_page","https://f7d.huijiwiki.com/wiki/%E9%BB%91%E6%A0%B8","","official_game_reference","reference_analysis_only_no_redistribution_claim","technical_reference","黑核;能量核心;黑门源点","近黑;待原图校色","高密度核心;悬浮晶体状态","晶体或高密度异常核心;待原图校色","单体物件与说明页","确认黑核与黑门的因果位置，帮助区分核心、入口和环境污染","不得把攻略数值、所有紫色晶体或环境碎片都等同黑核","OTHERWORLD_AND_ASTRAL_RIFTS","supporting","文字定义已核验；视觉只采用剧情中明确的悬浮黑色晶体状态。"
"REF-OG-BLACKGATE-002","避世的方舟第七天：黑门环境状态","original_game","story_environment","建筑冻结、黑雾与悬浮黑核","黑门与交界都市","official_wiki_page","https://f7d.huijiwiki.com/wiki/%E9%81%BF%E4%B8%96%E7%9A%84%E6%96%B9%E8%88%9F/%E5%89%A7%E6%83%85/%E7%AC%AC%E4%B8%83%E5%A4%A9","","official_game_reference","reference_analysis_only_no_redistribution_claim","composition_reference","黑雾;冻结空间;悬浮黑核;城市侵入","近黑;煤灰;待原图校色","环境停滞;局部错位;核心悬浮","黑雾;冻结表面;黑色晶体","现实城市—异常边界—黑核","学习黑门影响现实环境时的空间层级与可读尺度","不得把该场景状态推广为所有黑门和异界生态","OTHERWORLD_AND_ASTRAL_RIFTS","supporting","剧情文字证据已核验；页面图片未进入 Git。"
"REF-OG-BLACKGATE-003","门扉之外最终日：天幕级黑门","original_game","story_environment","撕裂天空与黑幕吞噬的大型灾变","黑门","official_wiki_page","https://f7d.huijiwiki.com/wiki/%E9%97%A8%E6%89%89%E4%B9%8B%E5%A4%96/%E5%89%A7%E6%83%85/%E6%9C%80%E7%BB%88%E6%97%A5","","official_game_reference","reference_analysis_only_no_redistribution_claim","composition_reference","巨型黑门;天空撕裂;黑幕;吞噬","近黑;病态亮边;待原图校色","纵向撕裂;天幕展开;不闭合边界","吞光空间;云层切面","天空—城市—吞噬边界的大尺度构图","学习大型黑门的灾变尺度、方向性和城市参照","不得用于普通入口、图标或低级异常，也不得复制 CG","OTHERWORLD_AND_ASTRAL_RIFTS","supporting","仅代表大型灾变状态，不定义黑门唯一形状。"
"REF-OG-BLACKGATE-004","死灵之穹时间回溯III：黑门剧情特例","original_game","story_effect","圆环扩展、云层破开、黑雨与建筑腐蚀","黑门剧情特例","official_wiki_page","https://f7d.huijiwiki.com/wiki/%E6%AD%BB%E7%81%B5%E4%B9%8B%E7%A9%B9/%E5%89%A7%E6%83%85/%E6%97%B6%E9%97%B4%E5%9B%9E%E6%BA%AF%E2%85%A2","","official_game_reference","reference_analysis_only_no_redistribution_claim","effect_reference","圆环;黑雨;云层破裂;建筑腐蚀","近黑;暗锈红;待原图校色","扩展环;破云;垂直降落","黑雨;腐蚀表面;空间异常","事件阶段序列","学习特定剧情中异常扩张、环境响应与阶段变化","不得把圆环当标准黑门造型或将腐蚀雨推广到全部异界","OTHERWORLD_AND_ASTRAL_RIFTS","supporting","剧情特例，仅用于状态对照。"
"REF-PROJECT-OTHERWORLD-001","原作黑门截图候选组（待逐图登记）","original_game","effects","门形、城市侵入与灾难尺度","黑门","planned_reference_slot","待从已核验原作页面逐图筛选黑门截图","","official_game_reference","local_reference_analysis_only","primary_anchor","黑门;城市侵入;规则不兼容","待原图校色","待逐图提取","待逐图提取","待逐图提取","补足文字证据无法确认的厚度、边缘、运动与场景曝光","不得用组级条目掩盖逐图来源，也不得默认紫色传送门视觉","OTHERWORLD_AND_ASTRAL_RIFTS","unreviewed","只登记待办；下载后必须存入 Git 忽略目录并逐图登记。"
"REF-PROJECT-OTHERWORLD-002","原作异界生态与黑雾截图候选组（待逐图登记）","original_game","effects","异界生态、污染与运动规律","异界","planned_reference_slot","待从已核验原作页面逐图筛选异界与黑雾截图","","official_game_reference","local_reference_analysis_only","effect_reference","异界生态;黑雾;污染","待原图校色","待逐图提取","待逐图提取","待逐图提取","未来建立不同异界区域的材质与运动差异","不得统一成触手、眼睛、紫水晶或随机烟雾","OTHERWORLD_AND_ASTRAL_RIFTS","unreviewed","只登记待办；不能用一个剧情区域代表全部异界。"
"REF-PROJECT-OTHERWORLD-003","黑门观测建筑现有图标","project_output","ui_and_icons","中央庭框架、警戒层与异常边界","黑门研究体系","project_created","项目自制正式资产的美术复盘入口","mod/gfx/interface/icons/buildings/building_artifact_black_gate_observatory.png","project_created","project_review_and_style_audit","secondary_reference","黑门观测;建筑;隔离框","近黑;冷青;紫","工程框架;中心异常","数字绘画;发光边界","中心式建筑图标","学习中央庭如何用工程框架标记和隔离异常","不得把当前图标的色彩和门形自动当作黑门本体的最终规范","OTHERWORLD_AND_ASTRAL_RIFTS","supporting","正式资产另行登记。"
"REF-PROJECT-OTHERWORLD-004","黑门与异界正式视觉对照组","project_output","materials_and_effects","黑门、黑核、黑雾、异界生态与工程响应的边界","黑门与异界","project_created","docs/art/calibration/BLACK_GATE_OTHERWORLD_COMPARISON.md 与配套 SVG","docs/art/calibration/black_gate_otherworld_comparison.svg","project_created","project_reference_analysis_and_calibration","material_reference","黑门;黑核;黑雾;异界生态;工程隔离;状态序列","近黑;煤灰;冷青灰;暗锈红;中央庭状态色","不连续裂缝;高密度核心;环境错位;隔离框","吞光空间;黑雾;异常表面;工程陶瓷与金属","五层横向对照与阶段序列","统一异常层级、证据边界和《群星》技术参考的使用范围","不得把项目示意当原作截图或游戏正式资产，也不得把星界间隙风格复制为黑门","OTHERWORLD_AND_ASTRAL_RIFTS","approved_anchor","项目自制分析基线；原作截图校色、不同规模动画和生态家族仍待补。"
"REF-PROJECT-WHITE-NIGHT-001","白夜馆系统入口生成源图","project_output","ui_and_icons","白夜馆功能入口的当前背景方向","白夜馆系统","project_created","项目自制生成源图","assets/ui/white_night_pavilion/white_night_pavilion_generated_source.png","project_created","project_review_and_style_audit","composition_reference","档案入口;人物展示;紫色室内;红色纸鹤","紫;白;黑;暗红","沙发;窗帘;几何悬饰","织物;玻璃;书籍","宽幅人物与留白空间","学习通讯入口的人物展示、留白和档案氛围","不得把白夜馆误写成世界观组织，也不得让其紫色室内成为中央庭公共风格","CENTRAL_COURT","supporting","白夜馆仅为功能系统入口；正式事件图另见 ASSET_REGISTRY.csv。"
